{"mean": [0.1439981460571289, -0.024454034864902496, 0.3465435206890106, -0.009275599382817745, 0.4537476897239685, 0.23127202689647675, 0.18707077205181122, 0.1913340538740158, 0.021051930263638496, 0.5207878351211548, -0.0503457635641098, -0.2317611128091812, 0.02233104594051838, 0.2611173391342163, 0.2912367880344391, -0.01667507365345955, 0.1143326535820961, -0.2350451946258545, -0.184774711728096, -0.11839999258518219, -0.010955801233649254, -0.5364375710487366, 0.06507870554924011, 0.24107956886291504, -0.01856241561472416, -0.19297738373279572], "std": [0.7137614488601685, 0.684989869594574, 0.33804962038993835, 0.35019150376319885, 0.2623479962348938, 0.560655951499939, 0.5569987893104553, 0.5003262162208557, 0.5045574903488159, 0.5444468855857849, 0.41809266805648804, 0.5687209367752075, 0.294305682182312, 0.6837737560272217, 0.32653599977493286, 0.32179179787635803, 0.26751694083213806, 0.7363022565841675, 0.8020586371421814, 0.7740569114685059, 0.6777152419090271, 0.7747513651847839, 0.7642022967338562, 0.7545641660690308, 0.6741704344749451, 0.8601648807525635]}